video_id,video_title,upload_date,view_count,like_count,comment_count
hEqkeA6zddI,WHO’S STRONGER? | Male vs Female Bodybuilder,1/27/2022,131391,7868,654
gSTHPqdBgUs,Should You &quot;EAT BIG TO GET BIG&quot;? (Clean vs Dirty Bulk),1/23/2022,249255,13603,1919
pIkbRaz_pSU,I Tried The Worlds Fittest Kids Diet  Workout,1/20/2022,516019,20381,1839
NCPPSAiTqgs,ZYZZ Diet  Workout To Become The Aesthetic God,1/16/2022,402934,23708,2735
vbTcdBL9lGY,World’s Most Productive Day To Build Muscle (Science Says),1/13/2022,266352,12353,552
0QXaAQMwfBI,Beginners Gym Survival Guide,1/9/2022,288674,22181,1068
SQbDvwciyDM,Girlfriend Says YES To Whatever I Want For A Day,1/6/2022,242350,16788,944
MZT6C1zQr8k,Natural Bodybuilder vs Rich Pianas Diet  Training,1/2/2022,253763,12189,686
kxWT7ouwBjM,Trying To Beat Crazy World Records (NEW Record!),12/30/2021,194484,9711,449
fb3C_3-1n_g,Why Youre Not Losing Fat (Dont Do THESE!),12/26/2021,306091,14219,642
l4x1wqaWSWY,Healthy Meal Prep On A Budget (6 Easy Recipes),12/23/2021,510891,25070,805
DyiHS28xYT8,Cheat Day In NYC That Went Too Far...,12/16/2021,266465,12939,761
cD14VZCwMoY,Paying $369 For Chris Hemsworths CENTR APP (Waste?),12/12/2021,318688,14549,756
kTox6m-l4no,I Got Shredded In 30 Days (Realistic Results),12/9/2021,543614,22760,1010
SQ4YHfJNvu8,Eating  Training W/ Greg Doucette,12/5/2021,377534,18583,893
QkjIP0fQOL4,Living On Frozen Foods For 24 Hours *Never Again*,12/2/2021,339194,13312,869
wnwgM7s1w6Y,"Eat Twice As Much, Keep Calories The Same (Healthy vs Unhealthy)",11/28/2021,461673,19601,1044
J39Dey02UV0,Bodybuilders Go To Miami Beach For Spring Break,11/24/2021,222870,11513,683
HUgqOJ1_rXA,Bench Press Competition vs Jesse James West,11/21/2021,329620,18007,834
pJwUxrf4p4E,Push Day W/ Chris Bumstead,11/18/2021,451687,17409,692
uxLhR1-4ZyQ,Strength Competition vs. 3x MR.OLYMPIA,11/14/2021,774065,30442,1135
xHjSHqjFH4Y,Following My Girlfriends Diet  Training,11/11/2021,363542,16521,793
0aeWcSKY3FY,How Has Bodybuilding Changed Since The 1970s?,11/7/2021,278737,13081,674
nUB8kmqlB3w,How To Cook With Protein Powder (4 Easy Recipes),11/4/2021,412989,19668,879
spXi35KnFU8,&quot;I LIFT BUT DONT LOOK LIKE IT&quot; (The 12 Reasons Why),10/31/2021,512332,20755,1604
XmjOUa2pdDA,Eating  Training Like The Rock For 24 Hours,10/28/2021,317420,13294,900
BbD1znMSG0o,TRUTH OR DRINK ft. Greg Doucette,10/24/2021,242695,17105,1187
yedrbpPsR0c,Fake Weights Prank On Greg Doucette,10/21/2021,721946,32319,951
uEbFUTCUQH8,"If You Want Pizza, Do This Workout",10/17/2021,208867,10597,595
L2LP6U2BAeg,My BIGGEST Physique Ever! (Daily Routine  Diet),10/14/2021,331105,14725,774
yGGDda1rm90,Crazy Celebrity Food Creations (Found On Tik Tok),10/10/2021,304360,12930,582
BZ40ytmHZVk,Instagram Controlled Our Date Night...,10/7/2021,210019,11154,794
tUrK8njnfTM,Adding Coffee To Everything I Eat For 24 Hours,10/3/2021,255921,12290,767
3XHQ_3JXDFQ,I Think Im Moving To Texas After This...,10/1/2021,243891,13910,1087
2-5iCusDCtw,Why You’re Not Losing Fat (HIDDEN Mistakes You Don’t Realize You’re Making),9/26/2021,525784,23438,2367
1k7PlHKh6hQ,LETTING A MAP DECIDE MY CHEAT DAY,9/23/2021,275853,12123,662
ju_D6w6VNLU,I Tried CRAZY Weight Loss Fad Diets (Dont Try This),9/19/2021,502687,18962,939
V9CtXVv10oQ,I Paid $100 For A Jeff Nippard Program (Worth it?),9/16/2021,648883,25618,1200
#NAME?,CAN YOU UNDO A &quot;BAD&quot; DIET? Calorie Burn Challenge!,9/12/2021,299024,14458,738
gi8FE5Ofe4E,MAKING LOW CALORIE CHEAT MEALS | FOOD HACKS,9/9/2021,340439,15726,779
S-iR6ESuE1Y,Asking My Gym Crush On The Ultimate Date,9/5/2021,437306,19418,1072
V5BsR7ZYVso,Trying Tik Tok Food Hacks to see if they work,9/2/2021,457492,17264,813
kX6-qAerBEc,My Girlfriend and My Sister Torture Me For My Birthday,8/29/2021,193352,12018,961
Ha0jXMYbtCo,OLD SCHOOL BODYBUILDING DIET  TRAINING,8/26/2021,257752,14771,631
XY8rjJzNsyw,"MAKE THE SHOT, EAT 1,000 CALORIES",8/22/2021,252375,11950,713
ZTdP1_6kU8c,My Cutting DIET  ROUTINE | Healthy Recipes + Grocery Haul,8/19/2021,740324,30855,1539
P3WDPrteCBE,I Ate Protein Bars For 24 Hours | Best  Worst Bars,8/15/2021,388546,17701,2892
AoRXe1S1brk,I Ate  Trained Like Old School Bodybuilders For A Day,8/12/2021,486175,20977,1150
IaFlNG4nsu8,4 Hours To Eat EVERYTHING In The Strip Mall | Food Challenge,8/8/2021,395462,19686,1119
k82O0YtLfH0,Surprise Romantic Getaway To Mexico,8/5/2021,299667,15372,1028
s30nL7Cj2mA,Build A MASSIVE Upper Chest ft. Chris Bumstead *Mr. Olympia Workout*,8/1/2021,458230,18758,844
MRBtDUWa630,NFL TRAINING CAMP VS KINOBODY,7/29/2021,196976,10111,687
cRVHQ6gxnAk,Saying YES To My Girlfriend For A Day...,7/25/2021,400715,36936,1859
Fh8Q7AU0sJ4,Making Popular Fast Food At Home...But Better,7/22/2021,426540,21834,1373
SD3m0Vlj_k8,THE DANGERS OF MAXING OUT *PR ATTEMPT GONE WRONG*,7/18/2021,357715,15634,1012
OGufe7W1KLY,WORKOUT COMPETITION VS MY MOM,7/15/2021,230527,20336,7728
DyiVVHuYCX0,I Paid $100 For An ATHLEAN X Program | WASTE OF MONEY??,7/11/2021,1226050,39898,2557
aMMulNeGzZ0,"I Tried Michael Phelps Olympic Diet  Training Routine | 12,000 CALORIES",7/8/2021,897734,30297,1894
VfVLj-mJJ2U,HOW I BALANCE DIET  TRAINING ON VACATION,7/4/2021,253577,14480,981
tGavLKN-TTU,WHAT HAPPENS IN VEGAS...,7/1/2021,227551,10969,820
8OyMHJbg6IY,"TRAINING AT AN ALTITUDE OF 15,000 FEET",6/27/2021,264303,11713,965
bYx1tXLD-us,"Weights, Plates  Boozy Injections | Dispensary Mukbang",6/24/2021,259280,12220,659
GbnfD1qBp_4,EATING AMERICAN FAST FOOD FOR 24 HOURS,6/20/2021,433795,18893,2225
8QQuM-e4RUU,Getting High  Eating The Top Rated Pizza In Colorado,6/17/2021,316291,16328,1446
bQt_irZup50,BEST BBQ In The World? Texas Style Cheat Day,6/13/2021,308826,15513,885
gsdPe8GanbY,TRAINING WITH AN IRONMAN FT. NICK BARE,6/10/2021,272067,13323,777
2gGyg5nJM4M,I Only Ate Donuts For A Day | Finding The Best Donuts In Texas,6/6/2021,508612,22129,1742
ZklQnC7rHcE,BUILD MUSCLE WITH BODYWEIGHT EXERCISES (Calisthenics Workout),6/3/2021,250060,14915,886
JR_T_JSU7rU,Training With The Worlds Strongest Man ft. Russel Orhii,5/30/2021,416113,25177,1287
p1f3P_hGQJI,TEXAS ROAD TRIP VLOG,5/27/2021,297643,17732,1570
vJxjHbxNIY8,Leaving Canada | Home Gym Giveaway + One Pot Lasagna,5/23/2021,358859,28925,10876
Uo1hH14TKOI,I Let Buzzfeed Quizzes Control My Day... *It Sucked*,5/20/2021,378193,16255,798
NhCCcQS1alU,Cooking My Subscribers Best Low Calorie Food Hacks,5/16/2021,418053,21250,1204
T07i9XLnYUY,Going Back To The Roaring 20s | 1920s Food  Fitness Trends,5/13/2021,329092,17034,1394
6F53HV04onI,TESTING AMAZON FITNESS PRODUCTS,5/9/2021,292291,13512,764
Phq3xkZOchE,I Followed The Average American Diet (How Bad Is It?),5/6/2021,1537504,54830,4559
OMmfxw6Snho,Quarantine Day in the Life VLOG | Home Workout + Healthy Recipes,5/2/2021,289456,19435,3169
CwnQrqRwcM8,I Tried White House Chef Andre Rushs INSANE Daily Routine,4/29/2021,1115436,43045,3768
UBdzspZi9Yg,Cooking My Subscribers Best Low Calorie Food Hacks,4/25/2021,837074,39009,1949
WArdnhkf-lI,4 Healthy Low Calorie Snack Recipes + Home HIIT Workout Challenge,4/22/2021,350460,18062,2005
74OneNLIHhU,I Paid $185 For A Custom V SHRED Program (Scammed?),4/18/2021,1126158,40674,2810
KdmoEOm8nyA,I Let Google Decide How I Eat  Train For 24 Hours,4/15/2021,412126,18082,1083
lTQYpmZpJJE,SHREDDED CHEST WORKOUT W/ BRANDON HARDING,4/11/2021,286963,12428,1580
X-bd7UWrWj8,My Diet  Routine To Build Muscle | Grocery Haul + Easy Recipes,4/8/2021,761539,29889,1787
lILz4-Gwaaw,Living According To My DNA (Shocking 23andMe Results),4/4/2021,369684,18553,1543
7VU2Dy96Btc,We Tried Chloe Tings Fat Loss Diet (Fake Eater?),4/1/2021,890023,38227,2759
k01DdmQJfHo,INSANE CrossFit Challenge  Donuts With Chris Bumstead,3/28/2021,503440,24263,1187
fQIvVY5M_q4,Training With Mr.Olympia + Ice Bath Ft. Chris Bumstead,3/25/2021,678392,33195,1856
2ymiviSGG0Y,CANADIAN GOES TO MEXICO FOR 24 HOURS,3/21/2021,211631,12029,1288
eszOf6sr0XE,The Cut Is Over | Chest  Back Workout + Night Routine,3/18/2021,302280,16332,1162
0wJOn6FsNU8,IFBB Pro Bodybuilder BACK DAY w/ Fouad Abiad + Food Challenge,3/14/2021,458254,18665,1466
#NAME?,I Paid A Stranger $13 To Make Me A Diet  Workout Program,3/11/2021,568668,21257,1210
tJEgGllMKi4,4 Healthy Breakfast Ideas For Weight Loss | EASY Step By Step,3/7/2021,390869,18553,895
8S-9SEU2J-Y,"A CHEAT DAY With ALL Of My FAVORITE THINGS | Donuts, Pizza, Airsoft",3/4/2021,436572,21264,1568
Dn9fJEUgmIE,I swapped diets with my SISTER for 24 HOURS  *UBER EATS Mystery Dinner*,2/28/2021,558463,26471,1634
LdXhind4pmA,DAY IN THE LIFE ON A REST DAY (Diet + Mobility Routine),2/25/2021,294485,16552,1052
w3Ylh2fhuw4,How To Get Enough Protein On The Vegan Diet,2/21/2021,425203,21842,1686
4RJ3ff2fIbM,Reversing My WEIGHT LOSS Transformation For 24 HOURS | Opening up About My Eating Disorder History,2/18/2021,772159,38711,2370
x4g3tn_HLe4,What Happens When You Eat APHRODISIACS For 24 HOURS?,2/14/2021,310117,17314,1292
WIGUyT3uidM,My Morning Routine 2021 | Healthy  Productive Habits | QA + Easy Recipes,2/11/2021,386029,20152,1814
hu9wGlM33FM,Becoming an NFL PLAYER FOR A DAY | Draft Combine Events + Healthy Super Bowl Recipes,2/7/2021,370340,19014,1329
PfxycEHQQGw,I Tried The DR. OZ 48 HOUR WEEKEND CLEANSE | Detox For Weight Loss? | 1200 CALORIE DIET,2/4/2021,373405,17644,1534
WTsv08cdMek,"Bodybuilder Tries Strongman DIET  TRAINING | Brian Shaws 5,500+ CALORIE FAT LOSS DIET",1/31/2021,413644,19442,1405
kY9iihgUCGI,"My Cutting DIET  ROUTINE | Healthy Recipes, Grocery Haul + At Home HIIT Workout",1/28/2021,1238019,37857,2411
iKAimLQ-uas,GETTING MY BODY FAT TESTED VLOG,1/24/2021,258981,27220,17340
B_b-4EwbRuc,How To Stay In Shape Working A 9 TO 5 OFFICE JOB | Morning Routine + Healthy Meal Ideas,1/21/2021,649569,25836,2258
fo1QrOZA15I,Eating  Training Like Muhammad Ali | BIRTHDAY TRIBUTE | Boxing Lesson + Favourite Cheat Meal,1/17/2021,331226,19069,1262
ZhpmBSIxVJQ,Reviewing Greg Doucettes ANABOLIC COOKBOOK 2.0 For A Day | Full Day Of Eating | Is It Worth It?,1/14/2021,652872,28850,1728
c1B7elYIR7o,"Trying My Subscribers BEST HANGOVER CURES | Pre Workout Taco Bell, Shower Beer + Pho",1/10/2021,510715,19978,1841
woUU8UoUs-s,Following 1950s FOOD  FITNESS TRENDS For A Day | Jello Salad + Steve Reeves Full Body Workout,1/7/2021,373908,17807,1256
uBTqVo7xoqo,A Day in My Life VLOG | 2021 New Years Goal | Testing My Bench Press 1RM + Healthy Recipes,1/3/2021,455254,26930,1795
9IjvOY-5TXI,"Following an IFBB FIGURE PROS 1 Week Out Diet  Training | 1,200 Calories + Back Workout",12/31/2020,348951,14638,899
ca6Gf2dU-ko,IFBB Pro Bodybuilder LEG DAY ft. FOUAD ABIAD | Five Guys Burger Food Challenge + Cryotherapy,12/27/2020,436933,20272,1214
9MdHU_rtMWY,"Only Eating CHRISTMAS FOODS For 24 HOURS | Holiday Pizza, Christmas Muffins  Workout W/ SANTA",12/24/2020,274317,16743,1481
kLbjm8K3xw0,losing a best friend.,12/21/2020,662182,97422,15709
7qpfaZq2ByQ,SHOULD YOU BUY SHARK TANK PRODUCTS?? *MY REVIEW*,12/20/2020,314411,14548,1039
AnATGBzVWNc,The ROCKS FAVOURITES For A Day | Cheat Meals + Chest Workout  Fun Facts,12/17/2020,596159,24637,1480
g1ExW6d5PiY,Eating  Training With Greg Doucette | Squat Challenge + HUGE Anabolic French Toast Breakfast,12/13/2020,995600,49937,3052
8uRkSmWOZF0,Healthy  Easy MEAL PREP On A Budget + 30 Minute No Equipment FULL BODY AT HOME WORKOUT,12/10/2020,379923,15763,801
Bk28CIeS5jM,A Day In My Life VLOG | CHEST  BACK Workout + Epic Sushi Meal,12/6/2020,370360,14994,954
h9Z7sBoY16Q,"IRONMAN TRIATHLON DIET  TRAINING | 5,000+ Calories  11 Mile Run | Nick Bares Routine",12/3/2020,465220,19121,1178
fG0uZQk2BAo,My Full Week Of WORKOUTS | Training Routine Explained + Healthy Protein Apple Fritter Recipe,11/29/2020,469442,22490,1062
6gtLFKe4aQI,Eating My Subscribers Favourite CHEAT MEALS // Healthy Cheat Day + Subscriber Superset Workout,11/26/2020,540974,23893,1326
2ZrQ-OYgfog,I Tried BRUCE LEES Diet  Training | Nunchucks + Liver Congee,11/22/2020,649054,25877,1744
Wke5ueAx6Is,I Tried A 48 HOUR FAST | Fasting For Weight Loss | 20k Calorie Challenge Cheat Day Aftermath,11/19/2020,624197,23940,1558
M3PsoWJb3aI,"20,000 CALORIE CHALLENGE | EPIC Cheat Day | Man VS Food",11/15/2020,1770553,59737,3614
y6UH0EoA4As,Want BIG Arms? Heres How... ft. Quinton Eriya,11/12/2020,280033,13805,1059
m79yVnzbmLs,GYMSHARK INITIATION | Fitness + Food Challenge | Survival Of The Fittest,11/8/2020,321326,21658,1012
ewGVHehhMOk,I Tried Only Eating EGGS FOR 48 HOURS | The Egg Diet | Lose 5lbs in 2 Days?,11/5/2020,546370,21276,1867
oxDgDhaXODw,"What I Eat In A Day: Realistic Full Day Of Eating + Healthy Simple Recipes// *2,600 CALORIES*",11/1/2020,762708,25884,1635
YveEAwpwzCs,Only Eating Prison Foods For A Day + Charles Bronson Workout | RAMEN PIZZA CRUST!?,10/29/2020,482144,19919,1527
Ppb2gPyjV_A,"LIFTING 100,000LBS  EATING 100 CHICKEN NUGGETS CHALLENGE",10/25/2020,324730,15866,1170
R6UD0NscDc4,"I Tried Henry Cavills Diet  Training | 5,000+ Calories | CrossFit Football  Upper Body Workout",10/22/2020,649947,26018,1330
FGiFPMHX4w8,Only Eating Pumpkin Spice Foods For 24 HOURS | Pumpkin Spice Mac  Cheese Taste Test + Booty Workout,10/18/2020,340086,16966,1254
zZp8cpAGWDk,Letting My Apple Watch Control My Calories for 48 HOURS | OMAD + Popeyes Chicken Sandwich,10/15/2020,801953,23144,1533
98Q2en9PfdY,We Tried The SOUREST CANDY In The World | QA With My Mom,10/11/2020,197195,12181,1118
9CuOZsZcTgU,A Day In My Life VLOG | Shoulder  Biceps Workout + Easy Dinner Recipe,10/8/2020,460359,17445,1048
IYlhEM6Ln_A,"10,000 CALORIE CHALLENGE | Anabolic Kitchen EPIC CHEAT DAY VS. Greg Doucette",10/4/2020,686670,32712,2054
d2qmWp8Ppgg,Rockin 1980s Diet  Fitness Trends | Mr. Olympia Workout + Throwback Full Day Of Eating,10/1/2020,446102,18345,1443
bqDw0spf-Ik,"My Response To Greg Doucettes Anabolic Kitchen 10,000 CALORIE CHALLENGE | 20k Warm up",9/28/2020,188109,16034,871
5UbscT2iqJ8,"Following A 9,000+ CALORIE IFBB PRO High Carb Refeed Day | Greg Doucette CARB UP + Posing",9/27/2020,740980,26784,1359
WVI-jT-B7yw,I Tried The Keto Diet For A Week | Ketogenic Diet Results | Best Weight Loss Diet?,9/24/2020,970548,32331,2638
j53cJJThHdc,"A Day of Eating  Training Like Gal Gadot | Wonder Woman Workouts + Fresh, Healthy Recipes",9/20/2020,417194,17291,1162
FNqOj92dJQo,I Went To GREECE For 48 HOURS,9/17/2020,366838,15769,2052
NGF-nqRU-E0,Only Eating Pineapple Foods For 24 HOURS | Chloe Tings Ab Challenge | EPIC Pineapple Burger,9/13/2020,594495,18212,1338
UZhkC1UCwus,FORMULA 1 DRIVER DIET  TRAINING,9/10/2020,279730,14744,1126
LwWDoCBPFNc,IFBB PRO Shoulder Workout For Mass | EPIC Post Workout Sushi Eating Challenge,9/6/2020,400222,15732,1129
apgTYcp5cLI,MY BIRTHDAY CHEAT DAY | Full Day of Eating Whatever I Want for 24 Hours,9/3/2020,650962,31643,2798
RP70w0to2IE,I Only Ate Low Calorie Weight Loss Foods For 48 HOURS | Healthy Junk Food + ICE BATH,8/30/2020,878785,27813,1570
Wc7KEklbxy0,What I Eat in a Day: Healthy On The Go Recipes | Leg Day w/ Tristyn Lee + Condo Tour,8/27/2020,434069,19910,1337
jJxWjUZWc3E,"Following My First Year Diet  Training | 4,000 CALORIES + FREE Beginners Full Body Program",8/23/2020,625648,27537,1138
pYPREj_0ru0,Wet and Dry QA | Does Gymshark change things? | Greg Doucette vs. Lana Rhoades | Mindset,8/20/2020,328779,26299,3231
jtHFbVkt1CM,BECOMING A GYMSHARK ATHLETE,8/16/2020,285516,19646,7672
HTK3Gv9bgXo,THE 5 HOUR WORKOUT CHALLENGE,8/13/2020,347503,17085,1126
um4hqM2xHWs,Blind Pizza TASTE TEST | I Tried My Moms Workout + Her First Time Taking Pre Workout,8/9/2020,390262,13681,1362
lEPJa0-ZkSs,48 Hours in Japan | MY NEW SERIES | One Punch Man Workout + Sushi Lesson,8/6/2020,488355,24181,2952
Zzff5oX5pXI,I Ate  Trained in ALPHABETICAL ORDER for 24 HOURS | Killer ABS Circuit,8/2/2020,432750,14751,1172
kbbldceAdIE,EATING  TRAINING Like Arnold Schwarzenegger | Birthday Tribute | Arms  Shoulder Workout,7/30/2020,623394,27164,1613
Aw8HVZ7qkS8,Trying My Subscribers WEIRD FOOD COMBINATIONS | Prize Giveaway,7/26/2020,398281,17041,1929
NpXd68a1GOU,10 Day FAT LOSS Transformation | My Top Weight Loss Tips | Healthy Recipes + Diet Tricks,7/23/2020,819811,32757,2012
J7qPpo8edj8,Only Eating Anabolic ICE CREAM For 24 HOURS | Healthy Ice Cream + My Shoulder Workout,7/19/2020,932525,37223,2334
3ODv97pRrq0,Living Like an IFBB FIGURE PRO For a Day | 6 Meals + Full Glute Workout,7/16/2020,459751,19218,1527
GJsx-5Du-XQ,EXPENSIVE CARS  SPICY FOOD,7/12/2020,213648,12766,1031
HolN881jAW4,4 Healthy MEAL PREP Ideas | Vegan  Budget Friendly Meal options,7/9/2020,400334,19165,1150
b_NRhCEctCQ,Making Homemade BOSTON CREAM DONUTS | Blind Donut Taste Test,7/5/2020,406048,20032,1672
Uxr7f92El8g,I tried Brian Shaws DIET  WORKOUT for 24 HOURS | Worlds Strongest Man Diet,7/2/2020,1450850,43649,2965
NOay0wSUF2A,I Only Drank PROTEIN SHAKES For 24 HOURS   *PROTEIN POWDER REVIEW*,6/28/2020,1218096,37475,2295
SRd5ocTCGxo,"What I Eat in a Day 3,000 Calories: Upper Body Workout + Healthy Recipes",6/25/2020,422938,17048,1368
dzSBkK473mg,I Tried The Vertical Diet For A Week...,6/21/2020,1053598,34312,2185
XGRUSpYPruc,Recovery Day | Day in the life VLOG | Alcohol  Fitness   *Epic Pizza FAIL*,6/18/2020,488928,18916,1391
7NOzRshvQzE,I tried Mike Tysons DIET  WORKOUT for 24 hours...,6/14/2020,1501489,48522,4272
OKsV7Bu3NIg,"A QA- Natty or not?, Favourites in the industry, My future plans... (Health Ice Cream Recipe)",6/11/2020,481444,24715,2011
cQuh6ppyoew,"10,000 Calorie EAT  BURN Challenge | Can You Out Train A Bad Diet? | Ultimate FOOD CHALLENGE",6/7/2020,1737141,67586,5331
sPSMB1tvwzI,My Top 5 RULES to Build Muscle | Bulk and Gain Muscle the Right Way,6/4/2020,1079677,41700,1994
2K9tMuc-7b0,The Rock vs. Kylie Jenner | FRENCH TOAST SHOWDOWN + Trying Their Workouts,5/31/2020,589515,20818,1333
RH_xlO8OOSA,I Lived the &quot;Optimal&quot; Lifestyle for a Day | Healthy Habits  Diet,5/28/2020,741543,29870,2173
WQ0hsV661q8,"I followed David Goggins PRE NAVY SEAL daily routine... *5,000+ CALORIES BURNED*",5/24/2020,2401245,60458,3585
o1ExZRRl_5k,A Day In My Life // Staying Healthy At Home + My Routine,5/21/2020,654834,25452,1969
FaVMDCFGFu0,I tried Queen Elizabeths diet for a day | THE ROYAL DIET,5/17/2020,624306,29489,2594
8GFMs0AeeSg,I Tried The Fruitarian Diet | My Experience Going RAW VEGAN For 3 Days...,5/14/2020,918731,28645,2672
naDEvc9Y9Ks,I swapped diets with my mom for a day... *Mothers Day Special*,5/10/2020,810698,30229,2155
5u4tpODih2s,"Build Muscle Lose Fat // What You Need To Know  // Diet, Cardio Tips + Full WEEK Of Workouts!",5/7/2020,973927,56926,9215
itVeD_dZR5A,"Eating Whatever I Want For A Day | 7,000+ CALORIE CHEAT DAY | Staying Lean With Cheat Days",5/3/2020,1362885,47735,6032
0__bPK2-b7Y,CLIMBING MOUNT EVEREST IN MY HOUSE!,4/30/2020,231625,12837,973
oI1t0O4kiTA,I Tried Intuitive Eating For 7 Days...,4/26/2020,836353,32010,1930
DP4KVKCv-oc,I Cooked With a Top Chef | Healthy + Easy Recipes | EPIC Souffle Pancakes,4/23/2020,535524,20011,1144
YfEs0ekyMgs,"I Let My Instagram Followers Decide My Macros For 24 HOURS     *4,000+ CALORIES*",4/19/2020,435193,18323,1034
#NAME?,What I Eat in a Day Intermittent Fasting: Quarantine VLOG + Easy HOME RECIPES,4/16/2020,388256,17496,1342
A_IYwNteI8Q,I Tried 90s Food And Diet Trends For A Day | Living Like Its 1994,4/12/2020,505736,18141,1393
RTjExG-Or2w,Upper Body Workout AND Epic Post Workout Chipotle Burrito Food Challenge  *OVER 5LBS*,4/9/2020,400719,15501,1284
nS9PODRYGhc,I Tried One of The Most Expensive Meal Prep Services in My City | Was it Worth it?,4/5/2020,825866,26118,1525
CCl9b9eWkKs,Full Day of Eating Greg Doucette Style | ANABOLIC KITCHEN REVIEW | Low Calorie Recipes,4/2/2020,1064860,36125,1538
ouxFI0wFgek,Who Has The BEST CHICKEN TENDERS? Fast Food Olympics,3/29/2020,277958,12616,1137
4gVXDN88lSg,"What I Eat In A Day To Maintain My Physique | 3,000 CALORIES | Lockdown VLOG",3/26/2020,476322,18884,1261
TNhkG2Hy3vg,"I only ate military rations for 24 HOURS + US Marine Fitness Test *4,000+ CALORIES*",3/22/2020,795878,24773,1830
28ema4rRBqM,A look inside Orangetheory Fitness | Whole Foods donuts + deep tissue massage,3/19/2020,549000,14000,1275
koXp46x8Ylc,"I tried walking 100,000 STEPS in a day and this is what happened... *BURNING 7,000+ CALORIES*",3/15/2020,1073486,50143,2967
Zy1xCD2tw00,THE DONUT SHOWDOWN | Girlfriend vs. Boyfriend Donut Eating Challenge | Vegan Donuts,3/12/2020,706180,27387,1557
E6YzncY3ArA,I Tried Jennifer Lopezs Diet  Workout | Pole Dancing For The First Time,3/8/2020,508002,19625,1274
Y9seDutaxMk,I Only Ate PROTEIN BARS For 48 Hours... *Protein Bar Review*,3/5/2020,701813,29529,1501
wkKNsMzlvuo,"Full Day Of Eating When I Was Overweight | 4,000+ CALORIES | My Top Tips To Build Muscle",3/1/2020,1292513,41225,3569
Yx_q8rXSLPA,Upper Body Workout With Greg OGallagher | Day in the life VLOG,2/27/2020,461625,15633,1326
WPIZdNqRVY4,I tried the Carnivore Diet for a week...,2/23/2020,1534087,48981,3855
3Ou2dsE-QcI,I Let My Dogs Instagram Followers Decide What I Eat For 24 Hours...,2/20/2020,318712,16430,1196
RRd7Bw57ZdA,Bodybuilder Tries 48 HOUR Juice Cleanse...*500 CALORIES*,2/16/2020,768452,25813,1462
or1SszdUsfQ,I Followed My Girlfriends Vegan Diet For 24 Hours...,2/13/2020,1136835,56797,2823
iHvQk6wwjr0,"I Lived Like An IFBB PRO BODYBUILDER During Contest Prep For A Day | 4,000+ CALORIES",2/9/2020,413567,14741,853
YUTFHAJ0xTw,What I Eat In A Day On A Cut | 2400 CALORIES + AB WORKOUT,2/6/2020,720981,24699,1613
c9mtbAec2QA,I Ate  Trained Like Christian Bale For American Psycho,2/2/2020,1093008,40251,2480
t28s_oKWcpI,Letting My Instagram Followers Decide What I Eat For 24 HOURS,1/30/2020,427825,17407,990
bXlr9tlt38M,Addressing My Eating Disorder | Minimalist Upper Body Workout  Go-To Dinner Recipe,1/26/2020,772390,33467,2370
0k5Z_73Uw60,"Italian Food MUKBANG | QA | PIZZA, DONUTS, CHICKEN PARM!",1/23/2020,334043,15466,1523
JybcBlp-zQ8,The 500 CALORIE Fast Food Olympics | Healthy Fast Food Competition,1/19/2020,618609,21004,1377
XhSBdUZXSPs,I tried the OMAD Diet for a week | ONE MEAL A DAY diet results,1/16/2020,1834750,43798,3165
4nz_evwhX4M,A Day In My Life VLOG | ICE BATH  EPIC VEGAN PIZZA,1/12/2020,224495,10069,554
QPJXcVrrupA,I Tried Jason Stathams DIET  WORKOUT For A Day | Vegan Lunch??,1/9/2020,690982,20184,1719
8ERtZxmuBqs,What I Eat In A Day | Intermittent Fasting + Healthy Recipes (Full Day Of Eating),1/5/2020,751277,25238,1240
G6gcrYCrjh8,2020 PUSH UPS IN A DAY CHALLENGE | Important New Years Resolution Message,1/2/2020,286930,11615,822
cr6ff80klrE,Christmas Day Vlog | What I Got For Christmas | VLOGMAS,12/27/2019,121980,5150,413
ALktyS6HlPY,A Full Week Of My Training | In Depth Workout Routine,12/25/2019,545501,20344,939
3Z3XgTMfpbA,Holiday CHEAT DAY | How To Have Cheat Days  Cheat Meals While Losing Weight,12/19/2019,397845,13701,845
grdquTMdqss,Productive Day in My Life | How I Stay Happy  Motivated | Giveaway Winner,12/12/2019,257958,11068,861
i61_MUftol0,Vegan For A Week | The Game Changers Inspired | My Thoughts on Veganism,12/5/2019,558599,17842,1709
523hjucxllo,"How To Get Your 10,000 STEPS A DAY The Easy Way | TOP 5 TIPS",11/28/2019,232411,9085,0
JaU__UuSerc,"What I Eat In A Day |3,000 CALORIES Intermittent Fasting (Full Day Of Eating)",11/21/2019,286131,9266,357
wpFSFy6ApkE,MY NEW YORK CITY CHEAT DAY | Epic Cheat Day | Trying my first CRONUT!,11/13/2019,698280,16557,916
VqNnm37fU7w,I only ate KIDS FAST FOOD MEALS for 24 hours...,11/7/2019,380271,18616,676
9udxoSbL-xY,"I tried the KINOBODY DIET for 7 DAYS | Intermittent Fasting (TONS of Chipotle, Chips, Chocolate!)",10/30/2019,1100244,27582,1634
tya0x3FGIrE,I Let My Sisters DECIDE What I WEAR For 24 HOURS | THIS WAS A BAD IDEA!,10/23/2019,306905,12198,569
K2dL2Vk6HAs,Attempting To Go To The WORST RATED RESTAURANT In My City | RATS ON THE TABLE!? Epic Fail,10/17/2019,113193,4495,307
jbH6bpxllK0,Making Homemade Donuts | Baking With Will THANKSGIVING EDITION,10/10/2019,123536,5849,314
OCbOPqooZ1o,"10,000 CALORIE CHALLENGE | Legendary CHEAT DAY | Man Vs Food",10/2/2019,579085,23915,1279
EaKUUVnYOPI,Infrared Sauna EVERYDAY For 10 DAYS | Sauna For Weight Loss | Cure Skin AND Joint Pain,9/27/2019,205856,6275,340
q9b2t0dQ_AQ,WHAT I EAT IN A DAY to lose weight | How to lose weight + Healthy recipes,9/20/2019,1766113,65128,2106
nTVzYPKaiHo,Trying VEGAN FAST FOOD Options | Vegan CHEAT DAY,9/12/2019,300793,11340,680
vx_n3HU_QPU,My TOP FAT LOSS TIPS That Changed My Life | From FAT To SHREDDED,9/6/2019,3772869,130166,4130
rNXazUGQMzQ,I Quit Carbs  Sugar For 7 DAYS | My Experience,8/28/2019,1922177,47664,2773
uB39CwgPr8c,Staying Fit While Traveling | MY TOP 5 TIPS | Full Day Of Eating,8/22/2019,118278,4532,120
pAOHza2kqP8,Living in my POOL HOUSE for 24 HOURS CHALLENGE,8/14/2019,90180,3741,186
ATT6cIIQ12U,HOTTEST 1 Mile RUN CHALLENGE | World Record?,8/8/2019,68584,2974,137
GyqUgHwb5mk,My Typical CHEAT DAY | Eating Whatever I Want For 1 Day,7/28/2019,580491,12447,967
7dxf_iOXhwM,Results From Walking 25K STEPS EVERYDAY FOR 7 DAYS | Walking For Weight Loss Challenge,7/23/2019,1513133,38352,2587
8XLIYeWIGRs,I Tried Jason Momoas Workout  Diet For AQUAMAN | ROCK CLIMBING ZERO CARBS,7/18/2019,1572994,27959,1975
6H-h5nzT4bI,I Lived Like Mark Wahlberg For A Whole Day | 4AM WORKOUT STRICT DIET,7/13/2019,1975345,59463,3286
2_CRP6CnnIg,Letting Celebrities DECIDE What i Eat for 24 HOURS FOOD CHALLENGE,7/9/2019,242018,9048,345
k2Vj40tJ4kE,Letting Homeless People DECIDE What i Eat For 24 HOURS! (Helping The Homeless),7/1/2019,119556,9224,384
olmnUrNgr9w,"10,000 CALORIE CHALLENGE HALO TOP Edition | MAN VS LOW CALORIE ICE CREAM | Healthy Cheat Day?",6/26/2019,289860,11080,572
